Keyword,Monthly Volume,Difficulty,Notes
indoor dog park,12810,31,Core topic
indoor dog parks,240,25,Core topic
indoor dog park near me,5004,19,Core topic
indoor dog park dallas,260,8,Local, low competition
indoor dog park houston,210,9,Local, low competition
indoor dog park austin,170,19,Local, low competition
indoor dog park san antonio,90,12,Local, low competition
private indoor dog park,3,10,Niche, growing trend
dog ramps for senior dogs,,,Product review/affiliate
best dog ramps for senior dogs,1,,Product review/affiliate
dog cooling vest,1870,29,Product review/affiliate
best dog cooling vest,185,29,Product review/affiliate
dog cooling vest with ice packs,163,23,Product review/affiliate
dog cooling mat,8239,28,Product review/affiliate
how to start an indoor dog park,521,34,Informational, unique angle
how to exercise your dog when it's raining,240,34,Informational, seasonal
how to keep dog entertained indoors,174,44,Informational, evergreen
how to tire out a dog quickly,73,30,Informational
dog park etiquette,,,Informational, evergreen
dog park safety tips texas,,,Informational, local
dog friendly state parks texas,90,27,Local, listicle
dog friendly things to do in texas,10,6,Local, listicle