keywords,Topics,questions
indoor dog parks,dog breed,are dog parks bad for dogs
indoor dog parks in the us,the dog gym,do dog parks have fleas
indoor dog parks in houston,"Nearby amenities (vet clinics, pet stores, grooming services)",do dog parks have diseases
indoor dog parks in austin,How to introduce nervous or reactive dogs to parks,do dog parks spread diseases
indoor do parks in dalls,"Seasonal safety tips (heat, ice, toxic plants)",do dog parks close at night
indoor dog parks around me,Understanding dog body language and play styles,are there any dog parks in the usa
offleash dog parks near me,Local dog training class recommendations,how do inddor dog parks work
dog friendly parks near me,Lost and found pet alerts by location,where to take your dog to play with other dogs
dog parks with swimming near me,Alternative indoor options for bad weather,
dog friendly national parks,Dog-friendly businesses near each park,
indoor dog activites houston ,Weekly park spotlights with detailed reviews,
best indoor dog parks,Seasonal park maintenance updates,
free dog parks near me,New park opening announcements,
how much does it cost to use a dog field ,Safety incident reports and lessons learned,
,Expert interviews with veterinarians or dog behaviorists,
,Park comparison features,
,User-generated ratings and comment systems,
,Mobile-friendly check-in features,
,Email alerts for new parks in specific areas,