Theme,Keyword,Monthly Volume,Difficulty,Notes
Indoor Dog Parks,indoor dog park,12810,31,Core topic
Indoor Dog Parks,indoor dog parks,240,25,Core topic
Indoor Dog Parks,indoor dog park near me,5004,19,Core topic
Indoor Dog Parks,indoor dog park dallas,260,8,Local, low competition
Indoor Dog Parks,indoor dog park houston,210,9,Local, low competition
Indoor Dog Parks,indoor dog park austin,170,19,Local, low competition
Indoor Dog Parks,indoor dog park san antonio,90,12,Local, low competition
Indoor Dog Parks,private indoor dog park,3,10,Niche, growing trend
Accessibility & Senior Dogs,dog ramps for senior dogs,,,Product review/affiliate
Accessibility & Senior Dogs,best dog ramps for senior dogs,1,,Product review/affiliate
Accessibility & Senior Dogs,accessible dog parks texas,,,Niche, low competition
Accessibility & Senior Dogs,dog parks for senior dogs texas,,,Niche, low competition
Accessibility & Senior Dogs,dog parks for disabled dogs texas,,,Niche, low competition
Mobility & Health,pemf mat for dogs,1,37,Product review/affiliate
Mobility & Health,dog hip dysplasia treatment,,,Informational, health
Mobility & Health,pet chiropractor,,,Informational, health
Product Reviews & Gear,dog cooling vest,1870,29,Product review/affiliate
Product Reviews & Gear,best dog cooling vest,185,29,Product review/affiliate
Product Reviews & Gear,dog cooling vest with ice packs,163,23,Product review/affiliate
Product Reviews & Gear,dog cooling mat,8239,28,Product review/affiliate
Product Reviews & Gear,best cooling vests for dogs texas,,,Local, affiliate
How-To & Tips,how to start an indoor dog park,521,34,Informational, unique angle
How-To & Tips,how to exercise your dog when it's raining,240,34,Informational, seasonal
How-To & Tips,how to keep dog entertained indoors,174,44,Informational, evergreen
How-To & Tips,how to tire out a dog quickly,73,30,Informational
How-To & Tips,dog park etiquette,,,Informational, evergreen
How-To & Tips,dog park safety tips texas,,,Informational, local
Dog-Friendly Outings,dog friendly state parks texas,90,27,Local, listicle
Dog-Friendly Outings,dog friendly things to do in texas,10,6,Local, listicle
Dog Training & Personalities,cesar millan tv shows,275,37,Entertainment/training inspiration